"txnID","date","cust","prod","qty","unitcost","country","repID"
1001,"12/22/2023","Luctus Aliquet Plc","Zalofen",900,39,"Brazil",887
1002,"8/3/2022","Pain Management Center","Diaprogenix",900,0.04,"USA",332
1003,"5/9/2022","Saude Universal","Xinoprozen",900,2.82,"Brazil",887
1004,"4/15/2023","Nisl Quisque","Colophrazen",1100,1.23,"Brazil",887
1005,"11/9/2020","Eleifend GMBH","Proxinostat",1800,2.23,"Germany",100
1006,"2/12/2023","Lorem Luctus","Clobromizen",300,1.44,"USA",332
1007,"6/27/2021","Saude Universal","Proxinostat",800,2.23,"Brazil",887
1008,"6/26/2021","Enim PC","Xipralofen",600,4.76,"USA",203
1009,"3/4/2021","Plaxus Medical","Zalofen",700,39,"Canada",119
1010,"7/8/2021","Eleifend GMBH","Clobromizen",1500,1.44,"Germany",100
1011,"6/20/2022","Eu Dolor Companie","Proxinostat",400,2.23,"Ecuador",887
1012,"7/10/2021","Pain Management Center","Gerantrazeophem",1400,1.87,"USA",332
1013,"9/15/2021","Proin Dolor Institut","Gerantrazeophem",1000,1.87,"Germany",221
1014,"6/13/2021","Enim PC","Clobromizen",700,1.44,"USA",203
1015,"9/15/2021","Barma Krankenhausgesellschaft","Diaprogenix",1200,0.04,"Austria",655
1016,"11/4/2022","Vitae Risus Incorporated","Alaraphosol",800,0.92,"USA",203
1017,"2/25/2022","Pain Management Center","Alaraphosol",200,0.92,"USA",332
1018,"8/20/2022","Lorem Luctus","Clobromizen",300,1.44,"USA",332
1019,"9/6/2022","Lorem Luctus","Clobromizen",600,1.44,"USA",332
1020,"7/6/2020","Varius Plc","Xipralofen",700,4.76,"Brazil",887
1021,"10/20/2021","At Pretium LLC","Xinoprozen",1400,2.82,"USA",332
1022,"2/18/2021","Barma Krankenhausgesellschaft","Proxinostat",1600,2.23,"Austria",655
1023,"4/9/2021","Enim PC","Alaraphosol",1800,0.92,"USA",203
1024,"6/12/2021","Saude Universal","Zalofen",1500,39,"Brazil",887
1025,"4/26/2020","Varius Plc","Xipramin",1100,0.72,"Brazil",887
1026,"7/22/2021","Eleifend GMBH","Zalofen",1300,39,"Germany",100
1027,"10/4/2021","Eleifend GMBH","Bhiktarvizem",800,3.87,"Germany",100
1028,"6/20/2020","Enim PC","Alaraphosol",1800,0.92,"USA",203
1029,"3/23/2022","Eleifend GMBH","Zalofen",1500,39,"Germany",100
1030,"10/4/2020","Vitae Risus Incorporated","Diaprogenix",200,0.04,"USA",203
1031,"5/2/2021","Luctus Aliquet Plc","Bhiktarvizem",900,3.87,"Brazil",887
1032,"10/3/2020","Varius Plc","Bhiktarvizem",1900,3.87,"Brazil",887
1033,"12/3/2022","Nisl Quisque","Bhiktarvizem",1100,3.87,"Brazil",887
1034,"9/5/2022","Pain Management Center","Clobromizen",1000,1.44,"USA",332
1035,"12/8/2022","Vitae Risus Incorporated","Colophrazen",1200,1.23,"USA",203
1036,"3/24/2023","Vitae Risus Incorporated","Alaraphosol",1400,0.92,"USA",203
1037,"5/6/2021","Eastern Hospital Group","Presterone",1800,1.09,"USA",119
1038,"8/25/2022","Pain Management Center","Diaprogenix",1500,0.04,"USA",332
1039,"5/2/2021","Vitae Risus Incorporated","Proxinostat",1700,2.23,"USA",203
1040,"11/13/2022","Proin Dolor Institut","Presterone",600,1.09,"Germany",221
1041,"3/15/2023","Eu Dolor Companie","Zalofen",1000,39,"Ecuador",887
1042,"6/10/2022","Nisl Quisque","Proxinostat",800,2.23,"Brazil",887
1043,"3/13/2020","Eu Dolor Companie","Proxinostat",500,2.23,"Ecuador",887
1044,"4/22/2020","Eastern Hospital Group","Zalofen",400,39,"USA",119
1045,"2/9/2020","Lorem Luctus","Zalofen",600,39,"USA",332
1046,"5/10/2020","Eastern Hospital Group","Alaraphosol",200,0.92,"USA",119
1047,"10/22/2020","Varius Plc","Presterone",800,1.09,"Brazil",887
1048,"1/26/2021","Proin Dolor Institut","Colophrazen",900,1.23,"Germany",221
1049,"3/26/2022","Luctus Aliquet Plc","Presterone",300,1.09,"Brazil",887
1050,"8/6/2020","Barma Krankenhausgesellschaft","Clobromizen",2000,1.44,"Austria",655
1051,"4/19/2023","Lorem Luctus","Bhiktarvizem",1900,3.87,"USA",332
1052,"9/4/2022","Varius Plc","Clobromizen",1500,1.44,"Brazil",887
1053,"10/22/2022","Eleifend GMBH","Proxinostat",1900,2.23,"Germany",100
1054,"7/21/2022","Plaxus Medical","Alaraphosol",1700,0.92,"Canada",119
1055,"3/6/2021","Lorem Luctus","Xipralofen",1400,4.76,"USA",332
1056,"2/23/2021","Luctus Aliquet Plc","Colophrazen",500,1.23,"Brazil",887
1057,"4/9/2022","Plaxus Medical","Zalofen",1700,39,"Canada",119
1058,"5/11/2021","Plaxus Medical","Bhiktarvizem",600,3.87,"Canada",119
1059,"6/13/2021","Vitae Risus Incorporated","Diaprogenix",1700,0.04,"USA",203
1060,"10/14/2021","Eu Dolor Companie","Zalofen",1700,39,"Ecuador",887
1061,"7/27/2023","Erat Pharma","Bhiktarvizem",1600,3.87,"Germany",100
1062,"11/21/2022","Vitae Risus Incorporated","Alaraphosol",800,0.92,"USA",203
1063,"1/14/2022","Varius Plc","Gerantrazeophem",700,1.87,"Brazil",887
1064,"11/17/2022","Enim PC","Xipralofen",1400,4.76,"USA",203
1065,"9/2/2022","Varius Plc","Gerantrazeophem",1800,1.87,"Brazil",887
1066,"8/20/2022","Nisl Quisque","Bhiktarvizem",1800,3.87,"Brazil",887
1067,"6/20/2022","Lorem Luctus","Zalofen",1500,39,"USA",332
1068,"3/21/2021","Plaxus Medical","Xipramin",2000,0.72,"Canada",119
1069,"3/11/2023","Nisl Quisque","Bhiktarvizem",900,3.87,"Brazil",887
1070,"10/16/2021","Eu Dolor Companie","Clobromizen",1300,1.44,"Ecuador",887
1071,"7/1/2020","Proin Dolor Institut","Bhiktarvizem",1400,3.87,"Germany",221
1072,"11/20/2021","Luctus Aliquet Plc","Diaprogenix",1400,0.04,"Brazil",887
1073,"2/21/2022","Plaxus Medical","Gerantrazeophem",1700,1.87,"Canada",119
1074,"3/12/2022","Barma Krankenhausgesellschaft","Bhiktarvizem",200,3.87,"Austria",655
1075,"7/4/2020","Eu Dolor Companie","Xipralofen",500,4.76,"Ecuador",887
1076,"6/10/2020","Varius Plc","Bhiktarvizem",700,3.87,"Brazil",887
1077,"7/24/2021","At Pretium LLC","Colophrazen",500,1.23,"USA",332
1078,"2/24/2022","Saude Universal","Diaprogenix",2000,0.04,"Brazil",887
1079,"10/28/2021","Barma Krankenhausgesellschaft","Clobromizen",1200,1.44,"Austria",655
1080,"11/25/2021","Varius Plc","Colophrazen",600,1.23,"Brazil",887
1081,"2/13/2022","At Pretium LLC","Presterone",1800,1.09,"USA",332
1082,"7/15/2022","Plaxus Medical","Gerantrazeophem",1200,1.87,"Canada",119
1083,"5/2/2023","At Pretium LLC","Colophrazen",800,1.23,"USA",332
1084,"4/21/2021","Plaxus Medical","Xipramin",1200,0.72,"Canada",119
1085,"9/22/2021","Plaxus Medical","Gerantrazeophem",1200,1.87,"Canada",119
1086,"9/17/2021","Eu Dolor Companie","Alaraphosol",1300,0.92,"Ecuador",887
1087,"8/13/2023","Plaxus Medical","Gerantrazeophem",1500,1.87,"Canada",119
1088,"11/15/2022","Barma Krankenhausgesellschaft","Colophrazen",1800,1.23,"Austria",655
1089,"1/19/2022","Eu Dolor Companie","Clobromizen",1000,1.44,"Ecuador",887
1090,"7/11/2021","Adipiscing Mauris Inc.","Gerantrazeophem",600,1.87,"USA",203
1091,"11/26/2020","Eleifend GMBH","Proxinostat",900,2.23,"Germany",100
1092,"5/16/2020","At Pretium LLC","Bhiktarvizem",400,3.87,"USA",332
1093,"9/12/2021","Varius Plc","Diaprogenix",800,0.04,"Brazil",887
1094,"10/7/2021","Eu Dolor Companie","Diaprogenix",1300,0.04,"Ecuador",887
1095,"6/5/2022","Varius Plc","Alaraphosol",300,0.92,"Brazil",887
1096,"10/1/2023","At Pretium LLC","Bhiktarvizem",300,3.87,"USA",332
1097,"6/15/2021","Adipiscing Mauris Inc.","Clobromizen",700,1.44,"USA",203
1098,"10/26/2023","Nisl Quisque","Proxinostat",1100,2.23,"Brazil",887
1099,"1/13/2022","At Pretium LLC","Bhiktarvizem",1100,3.87,"USA",332
1100,"10/1/2021","Plaxus Medical","Colophrazen",1200,1.23,"Canada",119
1101,"11/18/2023","Lorem Luctus","Diaprogenix",500,0.04,"USA",332
1102,"4/4/2022","Erat Pharma","Presterone",500,1.09,"Germany",100
1103,"12/7/2021","At Pretium LLC","Clobromizen",1000,1.44,"USA",332
1104,"4/19/2021","Eu Dolor Companie","Alaraphosol",1200,0.92,"Ecuador",887
1105,"8/6/2023","Vitae Risus Incorporated","Gerantrazeophem",1700,1.87,"USA",203
1106,"11/21/2021","Varius Plc","Diaprogenix",500,0.04,"Brazil",887
1107,"2/14/2021","Pain Management Center","Colophrazen",700,1.23,"USA",332
1108,"5/20/2020","At Pretium LLC","Colophrazen",1200,1.23,"USA",332
1109,"6/7/2022","Nisl Quisque","Alaraphosol",1600,0.92,"Brazil",887
1110,"4/7/2023","Varius Plc","Alaraphosol",1600,0.92,"Brazil",887
1111,"3/11/2023","Eu Dolor Companie","Bhiktarvizem",1100,3.87,"Ecuador",887
1112,"11/16/2021","Eleifend GMBH","Proxinostat",400,2.23,"Germany",100
1113,"12/8/2020","Eu Dolor Companie","Xipramin",600,0.72,"Ecuador",887
1114,"12/22/2021","Eastern Hospital Group","Gerantrazeophem",500,1.87,"USA",119
1115,"4/23/2022","Adipiscing Mauris Inc.","Alaraphosol",500,0.92,"USA",203
1116,"9/16/2020","Lorem Luctus","Diaprogenix",1300,0.04,"USA",332
1117,"5/19/2020","Adipiscing Mauris Inc.","Presterone",1500,1.09,"USA",203
1118,"2/23/2022","Enim PC","Xipralofen",300,4.76,"USA",203
1119,"5/8/2022","Varius Plc","Presterone",1100,1.09,"Brazil",887
1120,"2/23/2020","Vitae Risus Incorporated","Xipralofen",400,4.76,"USA",203
1121,"5/28/2021","Vitae Risus Incorporated","Presterone",1500,1.09,"USA",203
1122,"3/19/2022","Varius Plc","Alaraphosol",1300,0.92,"Brazil",887
1123,"11/3/2021","Enim PC","Colophrazen",1900,1.23,"USA",203
1124,"3/5/2021","Varius Plc","Colophrazen",200,1.23,"Brazil",887
1125,"11/4/2020","Lorem Luctus","Presterone",1900,1.09,"USA",332
1126,"3/26/2022","Pain Management Center","Bhiktarvizem",700,3.87,"USA",332
1127,"5/25/2020","Pain Management Center","Xipramin",1400,0.72,"USA",332
1128,"10/7/2021","Eleifend GMBH","Xipramin",400,0.72,"Germany",100
1129,"4/12/2021","Eastern Hospital Group","Colophrazen",1000,1.23,"USA",119
1130,"2/12/2020","Vitae Risus Incorporated","Presterone",1000,1.09,"USA",203
1131,"2/27/2021","Proin Dolor Institut","Colophrazen",900,1.23,"Germany",221
1132,"4/8/2021","Plaxus Medical","Zalofen",1800,39,"Canada",119
1133,"8/20/2022","Eastern Hospital Group","Colophrazen",300,1.23,"USA",119
1134,"10/24/2021","Eleifend GMBH","Alaraphosol",1300,0.92,"Germany",100
1135,"7/16/2020","Barma Krankenhausgesellschaft","Zalofen",1700,39,"Austria",655
1136,"11/15/2021","Enim PC","Alaraphosol",1800,0.92,"USA",203
1137,"5/9/2020","Plaxus Medical","Xinoprozen",1300,2.82,"Canada",119
1138,"10/26/2020","At Pretium LLC","Zalofen",1200,39,"USA",332
1139,"8/6/2020","Lorem Luctus","Presterone",300,1.09,"USA",332
1140,"10/8/2023","Varius Plc","Colophrazen",1000,1.23,"Brazil",887
1141,"4/9/2023","Nisl Quisque","Xipralofen",700,4.76,"Brazil",887
1142,"11/8/2023","Eleifend GMBH","Colophrazen",1100,1.23,"Germany",100
1143,"5/21/2021","Luctus Aliquet Plc","Xipramin",1600,0.72,"Brazil",887
1144,"12/5/2021","Luctus Aliquet Plc","Colophrazen",500,1.23,"Brazil",887
1145,"7/6/2023","Varius Plc","Zalofen",1400,39,"Brazil",887
1146,"4/12/2020","Barma Krankenhausgesellschaft","Proxinostat",1200,2.23,"Austria",655
1147,"9/22/2022","Varius Plc","Bhiktarvizem",800,3.87,"Brazil",887
1148,"12/8/2021","At Pretium LLC","Presterone",700,1.09,"USA",332
1149,"5/4/2021","Eastern Hospital Group","Gerantrazeophem",300,1.87,"USA",119
1150,"7/24/2020","Varius Plc","Presterone",1400,1.09,"Brazil",887
1151,"8/17/2020","Plaxus Medical","Proxinostat",500,2.23,"Canada",119
1152,"10/6/2020","Varius Plc","Gerantrazeophem",1900,1.87,"Brazil",887
1153,"6/23/2021","At Pretium LLC","Xipramin",1500,0.72,"USA",332
1154,"7/28/2021","Plaxus Medical","Colophrazen",100,1.23,"Canada",119
1155,"4/14/2021","Eu Dolor Companie","Clobromizen",1700,1.44,"Ecuador",887
1156,"2/18/2022","Vitae Risus Incorporated","Xinoprozen",1400,2.82,"USA",203
1157,"10/4/2022","Luctus Aliquet Plc","Alaraphosol",1000,0.92,"Brazil",887
1158,"10/7/2023","Erat Pharma","Presterone",1800,1.09,"Germany",100
1159,"5/13/2021","Lorem Luctus","Diaprogenix",100,0.04,"USA",332
1160,"7/15/2020","Eu Dolor Companie","Clobromizen",300,1.44,"Ecuador",887
1161,"2/3/2023","Eleifend GMBH","Presterone",500,1.09,"Germany",100
1162,"8/12/2022","Pain Management Center","Bhiktarvizem",1000,3.87,"USA",332
1163,"6/27/2022","Vitae Risus Incorporated","Diaprogenix",700,0.04,"USA",203
1164,"7/27/2022","At Pretium LLC","Alaraphosol",1000,0.92,"USA",332
1165,"4/14/2023","Pain Management Center","Proxinostat",500,2.23,"USA",332
1166,"6/24/2023","Plaxus Medical","Bhiktarvizem",400,3.87,"Canada",119
1167,"6/21/2022","Erat Pharma","Clobromizen",400,1.44,"Germany",100
1168,"3/15/2020","Eleifend GMBH","Presterone",1800,1.09,"Germany",100
1169,"9/14/2021","Varius Plc","Xipramin",1900,0.72,"Brazil",887
1170,"5/23/2022","Vitae Risus Incorporated","Proxinostat",1500,2.23,"USA",203
1171,"12/12/2022","Vitae Risus Incorporated","Alaraphosol",700,0.92,"USA",203
1172,"12/4/2020","Eleifend GMBH","Xipralofen",700,4.76,"Germany",100
1173,"2/19/2021","Pain Management Center","Diaprogenix",300,0.04,"USA",332
1174,"4/4/2020","Saude Universal","Presterone",1600,1.09,"Brazil",887
1175,"6/15/2020","Adipiscing Mauris Inc.","Bhiktarvizem",1600,3.87,"USA",203
1176,"3/17/2020","Lorem Luctus","Diaprogenix",900,0.04,"USA",332
1177,"8/13/2021","Lorem Luctus","Zalofen",1300,39,"USA",332
1178,"2/27/2020","Enim PC","Xinoprozen",1100,2.82,"USA",203
1179,"7/1/2022","Plaxus Medical","Alaraphosol",700,0.92,"Canada",119
1180,"5/24/2022","Nisl Quisque","Alaraphosol",600,0.92,"Brazil",887
1181,"2/2/2021","Erat Pharma","Xinoprozen",1000,2.82,"Germany",100
1182,"7/4/2021","Eleifend GMBH","Clobromizen",700,1.44,"Germany",100
1183,"6/18/2020","Varius Plc","Diaprogenix",700,0.04,"Brazil",887
1184,"10/14/2021","Barma Krankenhausgesellschaft","Presterone",100,1.09,"Austria",655
1185,"5/13/2022","Pain Management Center","Zalofen",1200,39,"USA",332
1186,"8/6/2022","Barma Krankenhausgesellschaft","Diaprogenix",1700,0.04,"Austria",655
1187,"3/20/2022","Erat Pharma","Gerantrazeophem",800,1.87,"Germany",100
1188,"11/18/2023","Saude Universal","Bhiktarvizem",1700,3.87,"Brazil",887
1189,"6/12/2022","Vitae Risus Incorporated","Proxinostat",900,2.23,"USA",203
1190,"8/16/2021","Barma Krankenhausgesellschaft","Alaraphosol",300,0.92,"Austria",655
1191,"2/18/2020","Nisl Quisque","Alaraphosol",1300,0.92,"Brazil",887
1192,"9/3/2021","Varius Plc","Colophrazen",1000,1.23,"Brazil",887
1193,"11/8/2022","Nisl Quisque","Xinoprozen",1800,2.82,"Brazil",887
1194,"1/4/2020","Lorem Luctus","Gerantrazeophem",900,1.87,"USA",332
1195,"2/20/2021","Eleifend GMBH","Presterone",1800,1.09,"Germany",100
1196,"9/19/2021","Lorem Luctus","Alaraphosol",2000,0.92,"USA",332
1197,"3/15/2022","Vitae Risus Incorporated","Clobromizen",500,1.44,"USA",203
1198,"2/21/2023","Erat Pharma","Bhiktarvizem",800,3.87,"Germany",100
1199,"10/18/2022","Vitae Risus Incorporated","Colophrazen",800,1.23,"USA",203
1200,"2/4/2021","Nisl Quisque","Diaprogenix",2000,0.04,"Brazil",887
1201,"7/7/2022","Eleifend GMBH","Presterone",1300,1.09,"Germany",100
1202,"2/8/2020","Luctus Aliquet Plc","Presterone",700,1.09,"Brazil",887
1203,"11/13/2022","Plaxus Medical","Presterone",1300,1.09,"Canada",119
1204,"7/4/2021","Luctus Aliquet Plc","Gerantrazeophem",500,1.87,"Brazil",887
1205,"2/7/2021","Enim PC","Xipramin",800,0.72,"USA",203
1206,"11/24/2021","Barma Krankenhausgesellschaft","Xinoprozen",1800,2.82,"Austria",655
1207,"2/17/2021","Proin Dolor Institut","Clobromizen",1800,1.44,"Germany",221
1208,"11/6/2022","Vitae Risus Incorporated","Zalofen",1300,39,"USA",203
1209,"1/19/2023","Enim PC","Gerantrazeophem",1000,1.87,"USA",203
1210,"8/16/2023","Eu Dolor Companie","Colophrazen",1200,1.23,"Ecuador",887
1211,"8/12/2022","Varius Plc","Zalofen",1500,39,"Brazil",887
1212,"9/14/2021","At Pretium LLC","Clobromizen",1100,1.44,"USA",332
1213,"6/22/2022","Enim PC","Presterone",1700,1.09,"USA",203
1214,"2/8/2022","Pain Management Center","Xinoprozen",1200,2.82,"USA",332
1215,"2/7/2023","Proin Dolor Institut","Colophrazen",800,1.23,"Germany",221
1216,"3/17/2022","Luctus Aliquet Plc","Colophrazen",1700,1.23,"Brazil",887
1217,"10/24/2021","Enim PC","Bhiktarvizem",200,3.87,"USA",203
1218,"4/8/2022","Eu Dolor Companie","Xipramin",1000,0.72,"Ecuador",887
1219,"8/1/2023","Vitae Risus Incorporated","Alaraphosol",600,0.92,"USA",203
1220,"6/22/2022","Saude Universal","Xinoprozen",600,2.82,"Brazil",887
1221,"8/21/2021","Enim PC","Bhiktarvizem",1500,3.87,"USA",203
1222,"8/7/2023","Proin Dolor Institut","Bhiktarvizem",1800,3.87,"Germany",221
1223,"11/28/2023","Adipiscing Mauris Inc.","Bhiktarvizem",500,3.87,"USA",203
1224,"4/19/2021","Eleifend GMBH","Colophrazen",1300,1.23,"Germany",100
1225,"8/11/2021","Eastern Hospital Group","Alaraphosol",1800,0.92,"USA",119
1226,"7/10/2021","Pain Management Center","Clobromizen",700,1.44,"USA",332
1227,"3/7/2020","Adipiscing Mauris Inc.","Diaprogenix",900,0.04,"USA",203
1228,"11/22/2022","Vitae Risus Incorporated","Xinoprozen",400,2.82,"USA",203
1229,"7/26/2023","Eu Dolor Companie","Bhiktarvizem",1900,3.87,"Ecuador",887
1230,"2/8/2020","Eastern Hospital Group","Gerantrazeophem",900,1.87,"USA",119
1231,"8/3/2021","Lorem Luctus","Xinoprozen",900,2.82,"USA",332
1232,"12/13/2022","Adipiscing Mauris Inc.","Clobromizen",400,1.44,"USA",203
1233,"12/26/2023","At Pretium LLC","Xinoprozen",1300,2.82,"USA",332
1234,"2/5/2020","Adipiscing Mauris Inc.","Diaprogenix",200,0.04,"USA",203
1235,"10/20/2022","Plaxus Medical","Zalofen",300,39,"Canada",119
1236,"3/5/2023","Eu Dolor Companie","Alaraphosol",1900,0.92,"Ecuador",887
1237,"10/9/2020","Eu Dolor Companie","Xipralofen",1300,4.76,"Ecuador",887
1238,"9/22/2020","Lorem Luctus","Alaraphosol",1800,0.92,"USA",332
1239,"12/15/2021","Varius Plc","Diaprogenix",1100,0.04,"Brazil",887
1240,"5/11/2021","Nisl Quisque","Zalofen",1900,39,"Brazil",887
1241,"8/6/2023","Vitae Risus Incorporated","Zalofen",500,39,"USA",203
1242,"10/19/2021","Eu Dolor Companie","Alaraphosol",300,0.92,"Ecuador",887
1243,"3/13/2023","Proin Dolor Institut","Clobromizen",1700,1.44,"Germany",221
1244,"2/11/2021","Eleifend GMBH","Diaprogenix",900,0.04,"Germany",100
1245,"11/17/2022","Lorem Luctus","Proxinostat",1000,2.23,"USA",332
1246,"8/27/2021","Lorem Luctus","Xipramin",1900,0.72,"USA",332
1247,"11/21/2022","Eleifend GMBH","Bhiktarvizem",300,3.87,"Germany",100
1248,"5/22/2021","Luctus Aliquet Plc","Alaraphosol",700,0.92,"Brazil",887
1249,"6/16/2020","Saude Universal","Bhiktarvizem",400,3.87,"Brazil",887
1250,"3/5/2022","Enim PC","Presterone",1800,1.09,"USA",203
1251,"3/17/2022","Luctus Aliquet Plc","Alaraphosol",1700,0.92,"Brazil",887
1252,"6/5/2020","Erat Pharma","Alaraphosol",1400,0.92,"Germany",100
1253,"8/15/2021","Pain Management Center","Presterone",200,1.09,"USA",332
1254,"6/4/2023","At Pretium LLC","Xinoprozen",1800,2.82,"USA",332
1255,"12/6/2021","Adipiscing Mauris Inc.","Presterone",700,1.09,"USA",203
1256,"12/22/2022","Eleifend GMBH","Diaprogenix",1100,0.04,"Germany",100
1257,"3/23/2022","Saude Universal","Proxinostat",800,2.23,"Brazil",887
1258,"6/24/2022","Eu Dolor Companie","Alaraphosol",1700,0.92,"Ecuador",887
1259,"1/19/2022","Enim PC","Colophrazen",1600,1.23,"USA",203
1260,"11/3/2021","Luctus Aliquet Plc","Clobromizen",300,1.44,"Brazil",887
1261,"4/9/2023","Nisl Quisque","Bhiktarvizem",800,3.87,"Brazil",887
1262,"4/25/2023","Luctus Aliquet Plc","Proxinostat",1600,2.23,"Brazil",887
1263,"11/10/2020","Enim PC","Colophrazen",300,1.23,"USA",203
1264,"8/14/2023","Barma Krankenhausgesellschaft","Zalofen",700,39,"Austria",655
1265,"3/24/2023","Proin Dolor Institut","Xipramin",300,0.72,"Germany",221
1266,"6/2/2021","Pain Management Center","Diaprogenix",400,0.04,"USA",332
1267,"4/26/2023","Proin Dolor Institut","Clobromizen",100,1.44,"Germany",221
1268,"11/15/2021","At Pretium LLC","Presterone",800,1.09,"USA",332
1269,"8/28/2023","Enim PC","Xinoprozen",1700,2.82,"USA",203
1270,"7/15/2023","Adipiscing Mauris Inc.","Presterone",200,1.09,"USA",203
1271,"8/28/2021","Pain Management Center","Gerantrazeophem",1900,1.87,"USA",332
1272,"2/18/2022","Nisl Quisque","Bhiktarvizem",1000,3.87,"Brazil",887
1273,"6/24/2020","Varius Plc","Xipramin",1600,0.72,"Brazil",887
1274,"5/12/2021","Adipiscing Mauris Inc.","Proxinostat",500,2.23,"USA",203
1275,"6/18/2021","Eu Dolor Companie","Colophrazen",1000,1.23,"Ecuador",887
1276,"6/9/2023","Nisl Quisque","Proxinostat",300,2.23,"Brazil",887
1277,"6/26/2021","Proin Dolor Institut","Gerantrazeophem",600,1.87,"Germany",221
1278,"12/5/2023","Eastern Hospital Group","Zalofen",2000,39,"USA",119
1279,"12/20/2023","Eleifend GMBH","Colophrazen",900,1.23,"Germany",100
1280,"7/22/2022","Adipiscing Mauris Inc.","Xipralofen",1000,4.76,"USA",203
1281,"7/10/2022","At Pretium LLC","Clobromizen",1700,1.44,"USA",332
1282,"6/23/2021","Enim PC","Bhiktarvizem",200,3.87,"USA",203
1283,"6/22/2021","Eu Dolor Companie","Presterone",700,1.09,"Ecuador",887
1284,"12/26/2021","Enim PC","Xipramin",1300,0.72,"USA",203
1285,"11/8/2022","Eastern Hospital Group","Presterone",1200,1.09,"USA",119
1286,"2/28/2020","Nisl Quisque","Gerantrazeophem",1500,1.87,"Brazil",887
1287,"3/9/2021","Nisl Quisque","Proxinostat",800,2.23,"Brazil",887
1288,"4/22/2023","Barma Krankenhausgesellschaft","Bhiktarvizem",1800,3.87,"Austria",655
1289,"12/9/2020","Nisl Quisque","Presterone",200,1.09,"Brazil",887
1290,"5/14/2021","Pain Management Center","Colophrazen",1700,1.23,"USA",332
1291,"8/6/2023","Varius Plc","Diaprogenix",700,0.04,"Brazil",887
1292,"1/15/2023","Luctus Aliquet Plc","Gerantrazeophem",400,1.87,"Brazil",887
1293,"3/11/2023","Barma Krankenhausgesellschaft","Bhiktarvizem",1000,3.87,"Austria",655
1294,"6/18/2022","Lorem Luctus","Xinoprozen",2000,2.82,"USA",332
1295,"8/26/2021","At Pretium LLC","Zalofen",600,39,"USA",332
1296,"4/9/2022","Saude Universal","Xinoprozen",700,2.82,"Brazil",887
1297,"3/10/2023","Varius Plc","Clobromizen",200,1.44,"Brazil",887
1298,"3/6/2020","Pain Management Center","Xipralofen",300,4.76,"USA",332
1299,"7/3/2020","Eastern Hospital Group","Bhiktarvizem",1300,3.87,"USA",119
1300,"9/16/2021","Lorem Luctus","Xinoprozen",700,2.82,"USA",332
1301,"5/18/2023","Barma Krankenhausgesellschaft","Xipramin",2000,0.72,"Austria",655
1302,"3/18/2022","Enim PC","Presterone",200,1.09,"USA",203
1303,"4/19/2021","Eu Dolor Companie","Gerantrazeophem",1900,1.87,"Ecuador",887
1304,"6/15/2022","Vitae Risus Incorporated","Xinoprozen",200,2.82,"USA",203
1305,"9/25/2020","Eu Dolor Companie","Gerantrazeophem",500,1.87,"Ecuador",887
1306,"9/27/2022","Eleifend GMBH","Xinoprozen",1300,2.82,"Germany",100
1307,"10/22/2021","Lorem Luctus","Proxinostat",1100,2.23,"USA",332
1308,"5/26/2020","Plaxus Medical","Presterone",900,1.09,"Canada",119
1309,"9/13/2022","Adipiscing Mauris Inc.","Diaprogenix",1500,0.04,"USA",203
1310,"1/19/2022","Barma Krankenhausgesellschaft","Proxinostat",1100,2.23,"Austria",655
1311,"4/28/2022","Barma Krankenhausgesellschaft","Diaprogenix",700,0.04,"Austria",655
1312,"2/3/2021","Nisl Quisque","Presterone",900,1.09,"Brazil",887
1313,"10/17/2021","Lorem Luctus","Gerantrazeophem",1100,1.87,"USA",332
1314,"2/4/2020","At Pretium LLC","Presterone",700,1.09,"USA",332
1315,"5/23/2020","Lorem Luctus","Alaraphosol",1500,0.92,"USA",332
1316,"8/25/2020","Eastern Hospital Group","Diaprogenix",1400,0.04,"USA",119
1317,"12/22/2021","Nisl Quisque","Xinoprozen",1000,2.82,"Brazil",887
1318,"6/17/2021","Barma Krankenhausgesellschaft","Xipralofen",1300,4.76,"Austria",655
1319,"2/19/2021","Barma Krankenhausgesellschaft","Xinoprozen",300,2.82,"Austria",655
1320,"10/22/2022","Varius Plc","Gerantrazeophem",1400,1.87,"Brazil",887
1321,"3/7/2022","Eu Dolor Companie","Diaprogenix",300,0.04,"Ecuador",887
1322,"6/23/2021","Varius Plc","Proxinostat",700,2.23,"Brazil",887
1323,"10/8/2023","Varius Plc","Bhiktarvizem",1900,3.87,"Brazil",887
1324,"11/8/2021","Lorem Luctus","Bhiktarvizem",1000,3.87,"USA",332
1325,"4/27/2021","Saude Universal","Clobromizen",700,1.44,"Brazil",887
1326,"6/6/2021","Pain Management Center","Xipramin",400,0.72,"USA",332
1327,"8/17/2022","Eleifend GMBH","Xinoprozen",1400,2.82,"Germany",100
1328,"3/2/2022","Barma Krankenhausgesellschaft","Gerantrazeophem",1900,1.87,"Austria",655
1329,"11/23/2023","Nisl Quisque","Presterone",1800,1.09,"Brazil",887
1330,"3/5/2021","Erat Pharma","Proxinostat",1500,2.23,"Germany",100
1331,"3/10/2023","Plaxus Medical","Alaraphosol",1900,0.92,"Canada",119
1332,"5/9/2021","Erat Pharma","Colophrazen",500,1.23,"Germany",100
1333,"2/27/2021","Proin Dolor Institut","Gerantrazeophem",1700,1.87,"Germany",221
1334,"4/9/2022","At Pretium LLC","Alaraphosol",1700,0.92,"USA",332
1335,"8/17/2020","Eastern Hospital Group","Bhiktarvizem",600,3.87,"USA",119
1336,"12/16/2021","Barma Krankenhausgesellschaft","Colophrazen",500,1.23,"Austria",655
1337,"3/18/2021","Pain Management Center","Zalofen",100,39,"USA",332
1338,"2/25/2020","Varius Plc","Proxinostat",1600,2.23,"Brazil",887
1339,"11/25/2023","At Pretium LLC","Bhiktarvizem",400,3.87,"USA",332
1340,"10/7/2022","Eleifend GMBH","Colophrazen",1600,1.23,"Germany",100
1341,"9/23/2020","Enim PC","Gerantrazeophem",600,1.87,"USA",203
1342,"9/28/2023","Saude Universal","Colophrazen",1000,1.23,"Brazil",887
1343,"7/20/2022","Vitae Risus Incorporated","Clobromizen",1100,1.44,"USA",203
1344,"8/13/2022","Plaxus Medical","Xinoprozen",500,2.82,"Canada",119
1345,"6/28/2022","Barma Krankenhausgesellschaft","Bhiktarvizem",1600,3.87,"Austria",655
1346,"3/27/2020","Barma Krankenhausgesellschaft","Clobromizen",2000,1.44,"Austria",655
1347,"12/6/2022","Nisl Quisque","Proxinostat",800,2.23,"Brazil",887
1348,"3/20/2021","Lorem Luctus","Proxinostat",1300,2.23,"USA",332
1349,"6/9/2021","Eu Dolor Companie","Xipramin",1300,0.72,"Ecuador",887
1350,"10/1/2020","Varius Plc","Bhiktarvizem",600,3.87,"Brazil",887
1351,"2/6/2021","Vitae Risus Incorporated","Presterone",400,1.09,"USA",203
1352,"8/27/2021","Lorem Luctus","Clobromizen",1800,1.44,"USA",332
1353,"2/22/2020","Barma Krankenhausgesellschaft","Diaprogenix",1600,0.04,"Austria",655
1354,"9/6/2022","Barma Krankenhausgesellschaft","Bhiktarvizem",200,3.87,"Austria",655
1355,"8/11/2022","Plaxus Medical","Colophrazen",900,1.23,"Canada",119
1356,"7/25/2022","Lorem Luctus","Clobromizen",800,1.44,"USA",332
1357,"4/6/2022","Lorem Luctus","Bhiktarvizem",1600,3.87,"USA",332
1358,"11/18/2021","Lorem Luctus","Proxinostat",900,2.23,"USA",332
1359,"5/13/2020","At Pretium LLC","Alaraphosol",700,0.92,"USA",332
1360,"9/22/2021","Proin Dolor Institut","Colophrazen",1800,1.23,"Germany",221
1361,"7/11/2022","Luctus Aliquet Plc","Zalofen",500,39,"Brazil",887
1362,"11/18/2023","At Pretium LLC","Zalofen",1700,39,"USA",332
1363,"10/24/2021","Proin Dolor Institut","Colophrazen",1900,1.23,"Germany",221
1364,"9/8/2020","Vitae Risus Incorporated","Diaprogenix",700,0.04,"USA",203
1365,"8/25/2022","Lorem Luctus","Clobromizen",1000,1.44,"USA",332
1366,"4/23/2023","Proin Dolor Institut","Gerantrazeophem",1200,1.87,"Germany",221
1367,"3/11/2022","Proin Dolor Institut","Presterone",900,1.09,"Germany",221
1368,"11/9/2021","Adipiscing Mauris Inc.","Alaraphosol",1000,0.92,"USA",203
1369,"8/23/2022","Eastern Hospital Group","Clobromizen",1400,1.44,"USA",119
1370,"6/10/2022","Lorem Luctus","Presterone",500,1.09,"USA",332
1371,"5/2/2023","Barma Krankenhausgesellschaft","Bhiktarvizem",300,3.87,"Austria",655
1372,"6/9/2023","Luctus Aliquet Plc","Xipralofen",1200,4.76,"Brazil",887
1373,"11/6/2021","At Pretium LLC","Zalofen",600,39,"USA",332
1374,"7/20/2022","Plaxus Medical","Colophrazen",400,1.23,"Canada",119
1375,"7/9/2020","At Pretium LLC","Colophrazen",800,1.23,"USA",332
1376,"4/12/2021","Saude Universal","Alaraphosol",800,0.92,"Brazil",887
1377,"6/4/2022","Plaxus Medical","Xinoprozen",400,2.82,"Canada",119
1378,"10/6/2022","Lorem Luctus","Bhiktarvizem",2000,3.87,"USA",332
1379,"10/4/2022","Luctus Aliquet Plc","Diaprogenix",900,0.04,"Brazil",887
1380,"9/2/2023","Plaxus Medical","Presterone",800,1.09,"Canada",119
1381,"4/15/2020","Eleifend GMBH","Zalofen",1500,39,"Germany",100
1382,"11/5/2020","Vitae Risus Incorporated","Bhiktarvizem",800,3.87,"USA",203
1383,"5/2/2021","Eleifend GMBH","Diaprogenix",1200,0.04,"Germany",100
1384,"11/26/2021","At Pretium LLC","Clobromizen",600,1.44,"USA",332
1385,"2/23/2020","Luctus Aliquet Plc","Colophrazen",1000,1.23,"Brazil",887
1386,"8/6/2021","Varius Plc","Diaprogenix",1100,0.04,"Brazil",887
1387,"12/15/2023","Proin Dolor Institut","Diaprogenix",1200,0.04,"Germany",221
1388,"7/14/2022","Pain Management Center","Xipralofen",1100,4.76,"USA",332
1389,"2/25/2020","Adipiscing Mauris Inc.","Xinoprozen",1200,2.82,"USA",203
1390,"3/16/2021","Adipiscing Mauris Inc.","Gerantrazeophem",1500,1.87,"USA",203
1391,"6/20/2022","Varius Plc","Alaraphosol",1100,0.92,"Brazil",887
1392,"9/5/2021","Erat Pharma","Xipramin",700,0.72,"Germany",100
1393,"4/28/2020","Eu Dolor Companie","Xinoprozen",1500,2.82,"Ecuador",887
1394,"4/3/2021","Saude Universal","Clobromizen",700,1.44,"Brazil",887
1395,"4/8/2022","Eu Dolor Companie","Bhiktarvizem",500,3.87,"Ecuador",887
1396,"11/22/2022","Eastern Hospital Group","Diaprogenix",200,0.04,"USA",119
1397,"3/1/2022","Eleifend GMBH","Diaprogenix",300,0.04,"Germany",100
1398,"9/16/2020","Eastern Hospital Group","Colophrazen",600,1.23,"USA",119
1399,"7/4/2021","Nisl Quisque","Zalofen",200,39,"Brazil",887
1400,"11/12/2020","Nisl Quisque","Clobromizen",600,1.44,"Brazil",887
1401,"10/15/2023","Eastern Hospital Group","Diaprogenix",100,0.04,"USA",119
1402,"5/28/2022","Saude Universal","Clobromizen",1100,1.44,"Brazil",887
1403,"11/4/2021","Plaxus Medical","Xinoprozen",900,2.82,"Canada",119
1404,"7/6/2022","Proin Dolor Institut","Proxinostat",1800,2.23,"Germany",221
1405,"12/27/2021","Eleifend GMBH","Clobromizen",400,1.44,"Germany",100
1406,"12/24/2023","Pain Management Center","Xinoprozen",400,2.82,"USA",332
1407,"10/11/2023","Nisl Quisque","Bhiktarvizem",1300,3.87,"Brazil",887
1408,"11/17/2021","Varius Plc","Zalofen",1100,39,"Brazil",887
1409,"7/5/2020","Pain Management Center","Diaprogenix",1600,0.04,"USA",332
1410,"8/25/2020","Barma Krankenhausgesellschaft","Presterone",1600,1.09,"Austria",655
1411,"10/15/2021","Eastern Hospital Group","Xipramin",2000,0.72,"USA",119
1412,"11/4/2021","Eu Dolor Companie","Colophrazen",1100,1.23,"Ecuador",887
1413,"3/21/2023","Luctus Aliquet Plc","Proxinostat",1100,2.23,"Brazil",887
1414,"5/27/2021","Eleifend GMBH","Clobromizen",800,1.44,"Germany",100
1415,"10/4/2021","Luctus Aliquet Plc","Presterone",200,1.09,"Brazil",887
1416,"5/17/2021","Enim PC","Diaprogenix",1700,0.04,"USA",203
1417,"3/27/2020","Plaxus Medical","Proxinostat",1300,2.23,"Canada",119
1418,"7/22/2023","Plaxus Medical","Proxinostat",1000,2.23,"Canada",119
1419,"7/10/2022","At Pretium LLC","Xipralofen",1300,4.76,"USA",332
1420,"6/8/2021","Lorem Luctus","Proxinostat",500,2.23,"USA",332
1421,"7/27/2022","Proin Dolor Institut","Alaraphosol",1300,0.92,"Germany",221
1422,"11/24/2021","Adipiscing Mauris Inc.","Zalofen",600,39,"USA",203
1423,"9/13/2022","Pain Management Center","Gerantrazeophem",300,1.87,"USA",332
1424,"2/18/2023","Adipiscing Mauris Inc.","Zalofen",1400,39,"USA",203
1425,"3/7/2021","Eastern Hospital Group","Gerantrazeophem",1600,1.87,"USA",119
1426,"5/24/2021","Barma Krankenhausgesellschaft","Gerantrazeophem",400,1.87,"Austria",655
1427,"6/4/2021","Eu Dolor Companie","Xipramin",1300,0.72,"Ecuador",887
1428,"7/3/2020","Varius Plc","Colophrazen",800,1.23,"Brazil",887
1429,"9/17/2022","Nisl Quisque","Xipramin",1500,0.72,"Brazil",887
1430,"12/19/2022","Vitae Risus Incorporated","Proxinostat",1600,2.23,"USA",203
1431,"1/17/2022","At Pretium LLC","Gerantrazeophem",1600,1.87,"USA",332
1432,"6/24/2021","Lorem Luctus","Xipralofen",1000,4.76,"USA",332
1433,"8/15/2022","Nisl Quisque","Proxinostat",1400,2.23,"Brazil",887
1434,"9/23/2023","Vitae Risus Incorporated","Xinoprozen",1400,2.82,"USA",203
1435,"7/21/2021","Adipiscing Mauris Inc.","Proxinostat",1200,2.23,"USA",203
1436,"2/23/2022","Eleifend GMBH","Presterone",600,1.09,"Germany",100
1437,"11/22/2022","Enim PC","Colophrazen",100,1.23,"USA",203
1438,"7/12/2022","Eastern Hospital Group","Xinoprozen",200,2.82,"USA",119
1439,"4/5/2021","Proin Dolor Institut","Proxinostat",300,2.23,"Germany",221
1440,"10/22/2021","Varius Plc","Xinoprozen",1800,2.82,"Brazil",887
1441,"11/1/2021","Adipiscing Mauris Inc.","Diaprogenix",200,0.04,"USA",203
1442,"2/13/2021","Pain Management Center","Gerantrazeophem",1400,1.87,"USA",332
1443,"5/25/2022","Nisl Quisque","Presterone",1700,1.09,"Brazil",887
1444,"5/13/2021","Eu Dolor Companie","Clobromizen",1400,1.44,"Ecuador",887
1445,"5/10/2021","Adipiscing Mauris Inc.","Diaprogenix",1100,0.04,"USA",203
1446,"11/10/2021","Adipiscing Mauris Inc.","Presterone",900,1.09,"USA",203
1447,"8/8/2022","Luctus Aliquet Plc","Zalofen",1100,39,"Brazil",887
1448,"8/26/2023","Pain Management Center","Xipralofen",600,4.76,"USA",332
1449,"8/13/2023","At Pretium LLC","Gerantrazeophem",1400,1.87,"USA",332
1450,"4/9/2022","Luctus Aliquet Plc","Presterone",1400,1.09,"Brazil",887
1451,"12/14/2021","Saude Universal","Alaraphosol",400,0.92,"Brazil",887
1452,"8/8/2022","Enim PC","Proxinostat",200,2.23,"USA",203
1453,"10/14/2021","Proin Dolor Institut","Alaraphosol",600,0.92,"Germany",221
1454,"2/6/2020","Eu Dolor Companie","Gerantrazeophem",1000,1.87,"Ecuador",887
1455,"9/26/2020","Varius Plc","Diaprogenix",1200,0.04,"Brazil",887
1456,"1/8/2022","Pain Management Center","Gerantrazeophem",1600,1.87,"USA",332
1457,"9/1/2020","Plaxus Medical","Presterone",1800,1.09,"Canada",119
1458,"9/16/2023","Proin Dolor Institut","Xinoprozen",300,2.82,"Germany",221
1459,"1/14/2022","Eastern Hospital Group","Clobromizen",1000,1.44,"USA",119
1460,"4/16/2022","Proin Dolor Institut","Presterone",1200,1.09,"Germany",221
1461,"10/17/2021","Luctus Aliquet Plc","Xinoprozen",1600,2.82,"Brazil",887
1462,"4/12/2021","Eu Dolor Companie","Colophrazen",1000,1.23,"Ecuador",887
1463,"9/14/2021","Eu Dolor Companie","Xipralofen",1100,4.76,"Ecuador",887
1464,"10/28/2022","Barma Krankenhausgesellschaft","Clobromizen",700,1.44,"Austria",655
1465,"7/3/2021","Pain Management Center","Xipramin",800,0.72,"USA",332
1466,"5/13/2021","Plaxus Medical","Alaraphosol",1800,0.92,"Canada",119
1467,"5/20/2021","Nisl Quisque","Xipralofen",1000,4.76,"Brazil",887
1468,"2/12/2023","Eleifend GMBH","Alaraphosol",600,0.92,"Germany",100
1469,"3/25/2022","Pain Management Center","Zalofen",300,39,"USA",332
1470,"11/27/2020","Pain Management Center","Colophrazen",1500,1.23,"USA",332
1471,"7/13/2022","Varius Plc","Gerantrazeophem",1200,1.87,"Brazil",887
1472,"8/13/2023","Barma Krankenhausgesellschaft","Bhiktarvizem",1900,3.87,"Austria",655
1473,"9/10/2022","Barma Krankenhausgesellschaft","Presterone",100,1.09,"Austria",655
1474,"3/28/2022","Lorem Luctus","Proxinostat",800,2.23,"USA",332
1475,"5/9/2022","Eastern Hospital Group","Bhiktarvizem",1200,3.87,"USA",119
1476,"1/15/2022","Varius Plc","Colophrazen",500,1.23,"Brazil",887
1477,"4/14/2021","Plaxus Medical","Zalofen",900,39,"Canada",119
1478,"6/21/2020","Eastern Hospital Group","Colophrazen",1000,1.23,"USA",119
1479,"7/17/2020","Nisl Quisque","Xinoprozen",300,2.82,"Brazil",887
1480,"6/23/2021","Eastern Hospital Group","Colophrazen",800,1.23,"USA",119
1481,"7/18/2021","Enim PC","Xinoprozen",1700,2.82,"USA",203
1482,"10/4/2022","Pain Management Center","Xinoprozen",1000,2.82,"USA",332
1483,"12/7/2023","Nisl Quisque","Presterone",400,1.09,"Brazil",887
1484,"5/4/2021","Luctus Aliquet Plc","Alaraphosol",1300,0.92,"Brazil",887
1485,"8/7/2022","Proin Dolor Institut","Alaraphosol",200,0.92,"Germany",221
1486,"12/20/2021","Saude Universal","Gerantrazeophem",1800,1.87,"Brazil",887
1487,"6/18/2022","Eu Dolor Companie","Diaprogenix",1900,0.04,"Ecuador",887
1488,"4/1/2022","Varius Plc","Presterone",2000,1.09,"Brazil",887
1489,"11/7/2023","Vitae Risus Incorporated","Clobromizen",500,1.44,"USA",203
1490,"9/2/2020","Pain Management Center","Zalofen",1300,39,"USA",332
1491,"10/26/2022","Eastern Hospital Group","Xipralofen",200,4.76,"USA",119
1492,"6/19/2023","Vitae Risus Incorporated","Clobromizen",1200,1.44,"USA",203
1493,"12/11/2023","Pain Management Center","Xipralofen",1700,4.76,"USA",332
1494,"5/10/2022","Eu Dolor Companie","Gerantrazeophem",400,1.87,"Ecuador",887
1495,"4/2/2022","Nisl Quisque","Presterone",1700,1.09,"Brazil",887
1496,"9/21/2021","Eastern Hospital Group","Proxinostat",1800,2.23,"USA",119
1497,"8/5/2020","Proin Dolor Institut","Presterone",800,1.09,"Germany",221
1498,"6/8/2023","Eastern Hospital Group","Xinoprozen",400,2.82,"USA",119
1499,"5/6/2020","Nisl Quisque","Zalofen",800,39,"Brazil",887
1500,"6/19/2021","Barma Krankenhausgesellschaft","Colophrazen",700,1.23,"Austria",655
